{
	"credit": "Made with Blockbench",
	"parent": "minecraft:block/tinted_cross",
	"textures": {
		"0": "block/grass2",
		"1": "block/grass22",
		"particle": "block/grass2"
	},
	"elements": [
		{
			"from": [0, 4, 4],
			"to": [16, 4, 21],
			"rotation": {"angle": -45, "axis": "x", "origin": [8, 4, 10]},
			"shade": false,
			"faces": {
				"up": {"uv": [0, 0, 16, 16], "rotation": 180, "texture": "#0", "tintindex": 0},
				"down": {"uv": [0, 0, 16, 16], "texture": "#0", "tintindex": 0}
			}
		},
		{
			"from": [-5, 4, 0],
			"to": [12, 4, 16],
			"rotation": {"angle": -45, "axis": "z", "origin": [6, 4, 8]},
			"shade": false,
			"faces": {
				"up": {"uv": [0, 0, 16, 16], "rotation": 270, "texture": "#0", "tintindex": 0},
				"down": {"uv": [0, 0, 16, 16], "rotation": 270, "texture": "#0", "tintindex": 0}
			}
		},
		{
			"from": [0, 4, -5],
			"to": [16, 4, 12],
			"rotation": {"angle": 45, "axis": "x", "origin": [8, 4, 6]},
			"shade": false,
			"faces": {
				"up": {"uv": [0, 0, 16, 16], "texture": "#0", "tintindex": 0},
				"down": {"uv": [0, 0, 16, 16], "rotation": 180, "texture": "#0", "tintindex": 0}
			}
		},
		{
			"from": [4, 4, 0],
			"to": [21, 4, 16],
			"rotation": {"angle": 45, "axis": "z", "origin": [10, 4, 8]},
			"shade": false,
			"faces": {
				"up": {"uv": [0, 0, 16, 16], "rotation": 90, "texture": "#0", "tintindex": 0},
				"down": {"uv": [0, 0, 16, 16], "rotation": 90, "texture": "#0", "tintindex": 0}
			}
		},
		{
			"from": [0, 2, 3],
			"to": [16, 2, 17],
			"rotation": {"angle": -22.5, "axis": "x", "origin": [8, 2, 9]},
			"shade": false,
			"faces": {
				"up": {"uv": [0, 0, 16, 14], "rotation": 180, "texture": "#1", "tintindex": 0},
				"down": {"uv": [0, 0, 16, 14], "texture": "#1", "tintindex": 0}
			}
		},
		{
			"from": [0, 2, -1],
			"to": [14, 2, 15],
			"rotation": {"angle": -22.5, "axis": "z", "origin": [8, 2, 7]},
			"shade": false,
			"faces": {
				"up": {"uv": [0, 0, 16, 14], "rotation": 270, "texture": "#1", "tintindex": 0},
				"down": {"uv": [0, 0, 16, 14], "rotation": 270, "texture": "#1", "tintindex": 0}
			}
		},
		{
			"from": [-1, 2, 0],
			"to": [15, 2, 14],
			"rotation": {"angle": 22.5, "axis": "x", "origin": [7, 2, 8]},
			"shade": false,
			"faces": {
				"up": {"uv": [0, 0, 16, 14], "texture": "#1", "tintindex": 0},
				"down": {"uv": [0, 0, 16, 14], "rotation": 180, "texture": "#1", "tintindex": 0}
			}
		},
		{
			"from": [2, 2, 0],
			"to": [16, 2, 16],
			"rotation": {"angle": 22.5, "axis": "z", "origin": [8, 2, 8]},
			"shade": false,
			"faces": {
				"up": {"uv": [0, 0, 16, 14], "rotation": 90, "texture": "#1", "tintindex": 0},
				"down": {"uv": [0, 0, 16, 14], "rotation": 90, "texture": "#1", "tintindex": 0}
			}
		}
	]
}