{
	"credit": "Made with Blockbench",
	"parent": "minecraft:block/tinted_cross",
	"textures": {
		"1": "block/grass11",
		"2": "block/grass111",
		"particle": "block/grass11",
		"cross": "block/grass1"
	},
	"elements": [
		{
			"from": [0, 6, 0],
			"to": [16, 6, 16],
			"shade": false,
			"rotation": {"angle": 0, "axis": "y", "origin": [8, 14, 23]},
			"faces": {
				"up": {"uv": [0, 0, 16, 16], "texture": "#cross", "tintindex": 0},
				"down": {"uv": [0, 0, 16, 16], "texture": "#cross", "tintindex": 0}
			}
		},
		{
			"from": [0, 5.8, 0],
			"to": [16, 5.8, 16],
			"shade": false,
			"rotation": {"angle": 0, "axis": "y", "origin": [8, 13.8, 23]},
			"faces": {
				"up": {"uv": [0, 0, 16, 16], "texture": "#1", "tintindex": 0},
				"down": {"uv": [0, 0, 16, 16], "texture": "#1", "tintindex": 0}
			}
		},
		{
			"from": [8, 0, 0],
			"to": [8, 5.8, 16],
			"shade": false,
			"rotation": {"angle": 45, "axis": "y", "origin": [8, 2, 8]},
			"faces": {
				"east": {"uv": [0, 10, 16, 16], "texture": "#2", "tintindex": 0},
				"west": {"uv": [0, 10, 16, 16], "texture": "#2", "tintindex": 0}
			}
		},
		{
			"from": [0, 0, 8],
			"to": [16, 5.8, 8],
			"shade": false,
			"rotation": {"angle": 45, "axis": "y", "origin": [8, 2, 8]},
			"faces": {
				"north": {"uv": [0, 10, 16, 16], "texture": "#2", "tintindex": 0},
				"south": {"uv": [0, 10, 16, 16], "texture": "#2", "tintindex": 0}
			}
		}
	]
}